content_category,duration_seconds,row_count
Filler,688371.7666666667,478
Program,587901.9,362
Other,563386.8,393
Promo,239839.63333333333,155
Graphics,214966.73333333334,314
ID,149990.0,226
Text,89548.0,151
Audio,67345.0,151
PublicService,34320.0,86
